{
  "n_subjects": 1885,
  "age_range": [
    5.0360000000000005,
    21.899
  ],
  "sex_distribution": {
    "M": 1236,
    "F": 649
  },
  "correlations": {
    "bycycle_vs_age": {
      "spearman_rho": -0.31481823537696435,
      "p_value": 1.2233734332059994e-44,
      "ci_95": [
        -0.35838111307974013,
        -0.27242296316672365
      ],
      "n": 1885
    },
    "hmm_vs_age": {
      "spearman_rho": -0.40622051339209786,
      "p_value": 8.221611173683766e-76,
      "ci_95": [
        -0.44454566493346986,
        -0.36638065180942603
      ],
      "n": 1885
    },
    "paf_vs_age": {
      "pearson_r": 0.3987328980537166,
      "p_value": 7.309137436808827e-73,
      "ci_95": [
        0.35636283279215025,
        0.43968025994819415
      ],
      "n": 1885
    }
  },
  "effect_sizes": {
    "bycycle": {
      "cohens_d_young_vs_old": 0.629712813504461,
      "ci_95": [
        0.49955657390276303,
        0.7686035029775972
      ],
      "n_young": 765,
      "n_old": 398,
      "adjacent_bin_d": {
        "5-6_vs_7-8": 0.14382315162825815,
        "7-8_vs_9-10": 0.1639984916187434,
        "9-10_vs_11-12": 0.28254371548356366,
        "11-12_vs_13-15": 0.1891934075169402,
        "13-15_vs_16-21": -0.10352449275574274
      }
    },
    "hmm": {
      "cohens_d_young_vs_old": 1.0532632631489913,
      "ci_95": [
        0.9069807593781642,
        1.2077204521258433
      ],
      "n_young": 765,
      "n_old": 398,
      "adjacent_bin_d": {
        "5-6_vs_7-8": 0.19552296013538023,
        "7-8_vs_9-10": 0.3048018199528544,
        "9-10_vs_11-12": 0.311966273809565,
        "11-12_vs_13-15": 0.3394310813401801,
        "13-15_vs_16-21": 0.07730647094636309
      }
    }
  },
  "by_age_bin": {
    "bycycle": {
      "5-6": {
        "mean": 4.636617654608973,
        "median": 4.267085468295146,
        "std": 1.8245010543631215,
        "iqr": 1.8459289102880372,
        "n": 307,
        "ci_95_mean": [
          4.43199863552659,
          4.844020320492235
        ]
      },
      "7-8": {
        "mean": 4.402900888989638,
        "median": 4.137240953555249,
        "std": 1.4764780638183885,
        "iqr": 1.5974070389842732,
        "n": 458,
        "ci_95_mean": [
          4.2720070454435675,
          4.538960429457878
        ]
      },
      "9-10": {
        "mean": 4.152203667995294,
        "median": 3.9001556591935587,
        "std": 1.5830957288731844,
        "iqr": 1.5790633795762634,
        "n": 424,
        "ci_95_mean": [
          4.005151006994963,
          4.304727429415751
        ]
      },
      "11-12": {
        "mean": 3.7078761979711294,
        "median": 3.383407698441691,
        "std": 1.55752271078897,
        "iqr": 1.4041382525208674,
        "n": 298,
        "ci_95_mean": [
          3.531141247697608,
          3.8888468220270958
        ]
      },
      "13-15": {
        "mean": 3.412068952857705,
        "median": 3.1101464294110213,
        "std": 1.570110156612713,
        "iqr": 1.4584493454348362,
        "n": 270,
        "ci_95_mean": [
          3.2309879336627123,
          3.605364710867923
        ]
      },
      "16-21": {
        "mean": 3.582796232199137,
        "median": 3.1013088549190435,
        "std": 1.8051689089313623,
        "iqr": 1.8469045773721273,
        "n": 128,
        "ci_95_mean": [
          3.2798001121341236,
          3.906294395559355
        ]
      }
    },
    "hmm": {
      "5-6": {
        "mean": 1.3469995905520538,
        "median": 1.3617021276595744,
        "std": 0.15026929972327105,
        "iqr": 0.16200634985084061,
        "n": 307,
        "ci_95_mean": [
          1.3297751153371968,
          1.3633285711071044
        ]
      },
      "7-8": {
        "mean": 1.3167385715138549,
        "median": 1.3388463641334063,
        "std": 0.15771123934730483,
        "iqr": 0.1594304290606623,
        "n": 458,
        "ci_95_mean": [
          1.3021419155993315,
          1.3308001094458757
        ]
      },
      "9-10": {
        "mean": 1.2663276285674852,
        "median": 1.2965359725923107,
        "std": 0.17330253778771218,
        "iqr": 0.1840650767672043,
        "n": 424,
        "ci_95_mean": [
          1.2495993251521174,
          1.2823981898829855
        ]
      },
      "11-12": {
        "mean": 1.2122861409274381,
        "median": 1.2399355877616747,
        "std": 0.17312329287668612,
        "iqr": 0.19724516982894302,
        "n": 298,
        "ci_95_mean": [
          1.1922012592769102,
          1.231430102300522
        ]
      },
      "13-15": {
        "mean": 1.1487099757998034,
        "median": 1.1793478260869565,
        "std": 0.20180297720763946,
        "iqr": 0.23990002416240452,
        "n": 270,
        "ci_95_mean": [
          1.1240825942234836,
          1.1723688519389428
        ]
      },
      "16-21": {
        "mean": 1.1324563085366575,
        "median": 1.1500819000819003,
        "std": 0.22710590403664516,
        "iqr": 0.3133641505578988,
        "n": 128,
        "ci_95_mean": [
          1.0918756617043333,
          1.1712181979025957
        ]
      }
    },
    "specparam_paf": {
      "5-6": {
        "mean": 8.78647323073362,
        "median": 8.806979967086145,
        "std": 0.7495062314319543,
        "iqr": 1.0207782916346702,
        "n": 307,
        "ci_95_mean": [
          8.703785686488288,
          8.872241168876263
        ]
      },
      "7-8": {
        "mean": 9.16843958998766,
        "median": 9.17675069199728,
        "std": 0.7722423869961671,
        "iqr": 1.0326296464453932,
        "n": 458,
        "ci_95_mean": [
          9.098629421169184,
          9.238514987732305
        ]
      },
      "9-10": {
        "mean": 9.504493574902956,
        "median": 9.530048524523718,
        "std": 0.73994960466353,
        "iqr": 0.9536852491244261,
        "n": 424,
        "ci_95_mean": [
          9.432992365349108,
          9.57367418781713
        ]
      },
      "11-12": {
        "mean": 9.787024647057274,
        "median": 9.844530035863105,
        "std": 0.7563775751262914,
        "iqr": 0.9257193353545805,
        "n": 298,
        "ci_95_mean": [
          9.699795088728202,
          9.87149472129003
        ]
      },
      "13-15": {
        "mean": 9.858118904453987,
        "median": 9.98014836886469,
        "std": 0.7197916776432387,
        "iqr": 0.7980746188518175,
        "n": 270,
        "ci_95_mean": [
          9.77173455669994,
          9.944609660064167
        ]
      },
      "16-21": {
        "mean": 9.732560179568585,
        "median": 9.931722257656704,
        "std": 0.8223397501775955,
        "iqr": 0.9177549691044486,
        "n": 128,
        "ci_95_mean": [
          9.587123679550917,
          9.871754555676818
        ]
      }
    }
  },
  "split_half_reliability": {
    "bycycle": {
      "mean_r": 0.9320482993756846,
      "ci_95": [
        0.786855803306993,
        0.993391410241292
      ],
      "n_splits": 1000
    },
    "hmm": {
      "mean_r": 0.9727314924552136,
      "ci_95": [
        0.913004948717129,
        0.9968368919914378
      ],
      "n_splits": 1000
    }
  },
  "sex_stratified": {
    "M": {
      "n": 1236,
      "bycycle_rho": -0.31587562433381294,
      "bycycle_p": 4.8691872785546625e-30,
      "hmm_rho": -0.40085637637882754,
      "hmm_p": 6.4988800947249e-49,
      "bycycle_d": 0.6888754481679067,
      "hmm_d": 0.9933656460399335
    },
    "F": {
      "n": 649,
      "bycycle_rho": -0.3075293519235036,
      "bycycle_p": 1.106963055358679e-15,
      "hmm_rho": -0.41509429406926807,
      "hmm_p": 2.0247037525797906e-28,
      "bycycle_d": 0.5678958476798895,
      "hmm_d": 1.1887880595837765
    },
    "interaction_bycycle_rho_diff": 0.00834627241030933,
    "interaction_hmm_rho_diff": 0.014237917690440527
  },
  "robust": {
    "bycycle": {
      "by_bin": {
        "5-6": {
          "trimmed_mean_10pct": 4.416987912833221,