{
  "n_subjects": 173,
  "age_bins": {
    "5-6": 35,
    "7-8": 32,
    "11-12": 27,
    "13-15": 27,
    "16-21": 27,
    "9-10": 25
  },
  "bycycle_overall_mean": 4.118538733519461,
  "bycycle_overall_std": 2.0430610434041854,
  "bycycle_by_age_bin": {
    "11-12": {
      "mean": 3.2865928362668595,
      "std": 0.9242287606835101,
      "count": 27
    },
    "13-15": {
      "mean": 3.9203245662875434,
      "std": 2.291011142071615,
      "count": 27
    },
    "16-21": {
      "mean": 3.4687670594406406,
      "std": 2.1019680890982184,
      "count": 27
    },
    "5-6": {
      "mean": 4.901667688476491,
      "std": 2.3008264056345196,
      "count": 35
    },
    "7-8": {
      "mean": 4.636832526770837,
      "std": 2.1084910586844967,
      "count": 32
    },
    "9-10": {
      "mean": 4.173068418866264,
      "std": 1.6495344323729677,
      "count": 25
    }
  },
  "hmm_overall_mean": 1.2313570491884929,
  "hmm_overall_std": 0.21846044517468613,
  "hmm_by_age_bin": {
    "11-12": {
      "mean": 1.2072211561324704,
      "std": 0.20614858648162832,
      "count": 27
    },
    "13-15": {
      "mean": 1.1647821786963857,
      "std": 0.15843189296757174,
      "count": 27
    },
    "16-21": {
      "mean": 1.0773100222027518,
      "std": 0.28604027839796686,
      "count": 27
    },
    "5-6": {
      "mean": 1.3672608839853588,
      "std": 0.16427008650687921,
      "count": 35
    },
    "7-8": {
      "mean": 1.2651903872180066,
      "std": 0.18869876708841024,
      "count": 32
    },
    "9-10": {
      "mean": 1.262123421571683,
      "std": 0.1848073685985694,
      "count": 25
    }
  },
  "specparam_overall_mean": 1.2353367894844323,
  "specparam_overall_std": 0.2526415443415389,
  "specparam_by_age_bin": {
    "11-12": {
      "mean": 1.196057866501836,
      "std": 0.24938205167315497,
      "count": 27
    },
    "13-15": {
      "mean": 1.1575198805539484,
      "std": 0.2409950541776099,
      "count": 27
    },
    "16-21": {
      "mean": 1.2186521847537335,
      "std": 0.23394371475762268,
      "count": 27
    },
    "5-6": {
      "mean": 1.30637428220177,
      "std": 0.25046188225780475,
      "count": 35
    },
    "7-8": {
      "mean": 1.2599736970130166,
      "std": 0.30847724530595455,
      "count": 32
    },
    "9-10": {
      "mean": 1.2488319296188513,
      "std": 0.19709868040838022,
      "count": 25
    }
  }
}